id,gender,first_name,last_name,cpf,birthday,email,phone,cell,address,address_number,district,city,uf,cep,created_at,modified_at
1,M,Henry,Clark,50964590177,1944-07-12,h.clark@example.com,(60) 0497-7982,(64) 3256-0913,Av. Indianópolis,100,Indianópolis,São Paulo,SP,04062-000,2015-05-16 16:05:37.279010+00,2015-05-16 16:05:37.279010+00
2,F,Myrna,Bivins,77813303563,1916-04-08,m.bivins@example.com,(84) 8256-5120,(75) 3522-1661,Av. Moreira Guimarães,367,Moema,São Paulo,SP,04074-030,2015-05-16 16:05:37.298413+00,2015-05-16 16:05:37.298413+00
3,M,Casey,Gordon,74947374966,1975-08-09,c.gordon@example.com,(57) 8375-7377,(19) 1908-9652,Av. Pacaembú,380,Barra Funda,São Paulo,SP,01155-000,2015-05-16 16:05:37.299483+00,2015-05-16 16:05:37.299483+00
4,F,Nancy,Hall,71487237151,1991-06-19,n.hall@example.com,(33) 2938-4100,(49) 2341-6008,Av. Pacaembú,380,Barra Funda,São Paulo,SP,01155-000,2015-05-16 16:05:37.299894+00,2015-05-16 16:05:37.299894+00
5,F,Josephine,Quezada,06457536751,1960-06-21,j.quezada@example.com,(12) 1297-2990,(89) 5307-4989,Av. Ulisses Reis de Matos,100,Morumbi,São Paulo,SP,00568-602,2015-05-16 16:05:37.304258+00,2015-05-16 16:05:37.304258+00
6,F,Ethel,Ward,95446107391,1919-12-06,e.ward@example.com,(67) 4322-3756,(97) 0736-6342,Av. Ulisses Reis de Matos,100,Morumbi,São Paulo,SP,00568-602,2015-05-16 16:05:37.304894+00,2015-05-16 16:05:37.304894+00
7,M,Christopher,Curry,56515112851,1980-07-19,c.curry@example.com,(38) 2049-1181,(29) 3175-5287,Rua Padre Machado,68,Vila Mariana,São Paulo,SP,04127-001,2015-05-16 16:05:37.305665+00,2015-05-16 16:05:37.305665+00
8,F,Brandy,Stagliano,48957048892,1978-06-23,b.stagliano@example.com,(55) 3786-6811,(53) 0277-8026,Av. Pacaembú,380,Barra Funda,São Paulo,SP,01155-000,2015-05-16 16:05:37.369306+00,2015-05-16 16:05:37.369306+00
9,M,Joseph,Sayre,03688263347,1938-11-20,j.sayre@example.com,(88) 8980-7441,(97) 3411-7375,Av. Ulisses Reis de Matos,100,Morumbi,São Paulo,SP,00568-602,2015-05-16 16:05:37.375643+00,2015-05-16 16:05:37.375643+00
10,F,Reba,Knight,16323878508,1928-02-20,r.knight@example.com,(16) 9108-3283,(44) 9360-7893,Av. Ulisses Reis de Matos,100,Morumbi,São Paulo,SP,00568-602,2015-05-16 16:05:37.376947+00,2015-05-16 16:05:37.376947+00
11,F,Dorothy,Fuller,81357779172,1918-08-03,d.fuller@example.com,(98) 5946-8113,(46) 5426-3096,Av. Moreira Guimarães,367,Moema,São Paulo,SP,04074-030,2015-05-16 16:05:37.377604+00,2015-05-16 16:05:37.377604+00
12,M,Michael,Corsaut,25406642681,1973-12-22,m.corsaut@example.com,(18) 0947-2569,(56) 3157-5409,Av. Ulisses Reis de Matos,100,Morumbi,São Paulo,SP,00568-602,2015-05-16 16:05:37.441149+00,2015-05-16 16:05:37.441149+00
13,F,Robin,Denman,87147870496,1921-06-03,r.denman@example.com,(56) 3023-1294,(65) 1800-7345,Av. Moreira Guimarães,367,Moema,São Paulo,SP,04074-030,2015-05-16 16:05:37.447857+00,2015-05-16 16:05:37.447857+00
14,F,Joan,Barry,97683660289,1933-09-26,j.barry@example.com,(17) 7842-1913,(62) 4250-8438,Rua Padre Machado,68,Vila Mariana,São Paulo,SP,04127-001,2015-05-16 16:05:37.449277+00,2015-05-16 16:05:37.449277+00
15,F,Marjorie,Sanders,82737988937,1987-02-08,m.sanders@example.com,(47) 1248-9577,(20) 8110-4410,Av. Ulisses Reis de Matos,100,Morumbi,São Paulo,SP,00568-602,2015-05-16 16:05:37.449886+00,2015-05-16 16:05:37.449886+00
16,F,Juliana,Bridges,67370056777,1970-04-18,j.bridges@example.com,(07) 7540-1069,(81) 4326-0707,Av. Indianópolis,100,Indianópolis,São Paulo,SP,04062-000,2015-05-16 16:05:37.451924+00,2015-05-16 16:05:37.451924+00
17,F,Diane,Menotti,57404509806,1968-11-10,d.menotti@example.com,(08) 4317-0301,(48) 1461-8855,Av. Indianópolis,100,Indianópolis,São Paulo,SP,04062-000,2015-05-16 16:05:37.512103+00,2015-05-16 16:05:37.512103+00
18,M,John,Moore,37082619564,1920-03-22,j.moore@example.com,(75) 1964-6292,(84) 3222-3578,Av. Indianópolis,100,Indianópolis,São Paulo,SP,04062-000,2015-05-16 16:05:37.512548+00,2015-05-16 16:05:37.512548+00
19,F,Kathryn,Martinez,00771445454,1993-03-23,k.martinez@example.com,(80) 9701-9506,(75) 0314-2762,Av. Indianópolis,100,Indianópolis,São Paulo,SP,04062-000,2015-05-16 16:05:37.513029+00,2015-05-16 16:05:37.513029+00
20,F,Betty,Anderson,99937540324,1946-08-06,b.anderson@example.com,(38) 7806-5778,(65) 4986-9514,Av. Ulisses Reis de Matos,100,Morumbi,São Paulo,SP,00568-602,2015-05-16 16:05:37.513415+00,2015-05-16 16:05:37.513415+00
21,F,Esther,Campana,77894326343,1997-12-11,e.campana@example.com,(21) 5289-7828,(69) 9836-0301,Rua Padre Machado,68,Vila Mariana,São Paulo,SP,04127-001,2015-05-16 16:05:37.530891+00,2015-05-16 16:05:37.530891+00
22,M,Ryan,Cremeans,39684414179,1937-11-22,r.cremeans@example.com,(23) 3446-0233,(23) 2747-7835,Av. Ulisses Reis de Matos,100,Morumbi,São Paulo,SP,00568-602,2015-05-16 16:05:37.549448+00,2015-05-16 16:05:37.549448+00
23,F,Tonie,Jones,28153953833,1990-05-24,t.jones@example.com,(67) 5975-1750,(25) 3661-7253,Av. Pacaembú,380,Barra Funda,São Paulo,SP,01155-000,2015-05-16 16:05:37.553228+00,2015-05-16 16:05:37.553228+00
24,F,Georgia,Mcculloch,90766645668,1915-12-26,g.mcculloch@example.com,(70) 3013-8920,(08) 9825-4898,Av. Ulisses Reis de Matos,100,Morumbi,São Paulo,SP,00568-602,2015-05-16 16:05:37.558430+00,2015-05-16 16:05:37.558430+00
25,F,Linda,Hall,16029382005,1926-11-26,l.hall@example.com,(78) 1774-1846,(71) 7652-0078,Av. Pacaembú,380,Barra Funda,São Paulo,SP,01155-000,2015-05-16 16:05:37.558845+00,2015-05-16 16:05:37.558845+00
26,M,Travis,Mahon,06452874460,1986-09-06,t.mahon@example.com,(87) 2331-5212,(74) 8957-6222,Rua Padre Machado,68,Vila Mariana,São Paulo,SP,04127-001,2015-05-16 16:05:37.563588+00,2015-05-16 16:05:37.563588+00
27,M,John,Hood,41424303703,1959-08-12,j.hood@example.com,(00) 0675-2044,(52) 3498-2174,Av. Moreira Guimarães,367,Moema,São Paulo,SP,04074-030,2015-05-16 16:05:37.564647+00,2015-05-16 16:05:37.564647+00
28,F,Lucy,Roblow,28249004616,1933-01-05,l.roblow@example.com,(05) 2155-6178,(91) 1480-8447,Av. Ulisses Reis de Matos,100,Morumbi,São Paulo,SP,00568-602,2015-05-16 16:05:37.691433+00,2015-05-16 16:05:37.691433+00
29,F,Nancy,Erickson,06909195958,1968-09-03,n.erickson@example.com,(51) 3933-4217,(15) 6594-5246,Rua Padre Machado,68,Vila Mariana,São Paulo,SP,04127-001,2015-05-16 16:05:37.692368+00,2015-05-16 16:05:37.692368+00
30,F,Delsie,Acevedo,84420585003,1997-06-15,d.acevedo@example.com,(99) 3239-2632,(26) 3078-0744,Av. Moreira Guimarães,367,Moema,São Paulo,SP,04074-030,2015-05-16 16:05:37.698197+00,2015-05-16 16:05:37.698197+00
31,F,Virginia,Dolson,50655651894,1997-10-19,v.dolson@example.com,(23) 0470-1246,(16) 9716-5948,Av. Indianópolis,100,Indianópolis,São Paulo,SP,04062-000,2015-05-16 16:05:37.723033+00,2015-05-16 16:05:37.723033+00
32,F,Angele,Hack,18317214911,1932-04-05,a.hack@example.com,(26) 0442-4767,(99) 2213-8000,Av. Indianópolis,100,Indianópolis,São Paulo,SP,04062-000,2015-05-16 16:05:37.735776+00,2015-05-16 16:05:37.735776+00
33,F,Mary,Rosenquist,57585373387,1987-07-03,m.rosenquist@example.com,(05) 1314-1825,(37) 3936-6599,Av. Moreira Guimarães,367,Moema,São Paulo,SP,04074-030,2015-05-16 16:05:37.765073+00,2015-05-16 16:05:37.765073+00
34,F,Carmen,Epperson,36961948241,1915-08-21,c.epperson@example.com,(67) 6489-4526,(03) 5207-7854,Av. Indianópolis,100,Indianópolis,São Paulo,SP,04062-000,2015-05-16 16:05:37.768438+00,2015-05-16 16:05:37.768438+00
35,M,Donald,Diaz,58563286140,1964-12-16,d.diaz@example.com,(39) 0116-1777,(38) 1057-2926,Av. Indianópolis,100,Indianópolis,São Paulo,SP,04062-000,2015-05-16 16:05:37.768935+00,2015-05-16 16:05:37.768935+00
36,M,Scott,Harne,17223785793,1936-08-06,s.harne@example.com,(85) 0540-9511,(84) 2787-0069,Av. Indianópolis,100,Indianópolis,São Paulo,SP,04062-000,2015-05-16 16:05:37.810113+00,2015-05-16 16:05:37.810113+00
37,M,Michael,Kearney,25381619948,1985-05-06,m.kearney@example.com,(94) 3374-4005,(31) 7590-5972,Av. Ulisses Reis de Matos,100,Morumbi,São Paulo,SP,00568-602,2015-05-16 16:05:37.812755+00,2015-05-16 16:05:37.812755+00
38,M,Wendell,Boes,55613378900,1920-03-11,w.boes@example.com,(59) 2106-1879,(72) 5387-4771,Av. Indianópolis,100,Indianópolis,São Paulo,SP,04062-000,2015-05-16 16:05:37.827174+00,2015-05-16 16:05:37.827174+00
39,M,Jeffrey,Rodriguez,35546617494,1966-12-19,j.rodriguez@example.com,(54) 2158-9514,(45) 8606-2954,Av. Ulisses Reis de Matos,100,Morumbi,São Paulo,SP,00568-602,2015-05-16 16:05:37.827628+00,2015-05-16 16:05:37.827628+00
40,F,Josephine,Felix,26465440078,1940-08-02,j.felix@example.com,(64) 9311-8248,(56) 6066-0034,Av. Moreira Guimarães,367,Moema,São Paulo,SP,04074-030,2015-05-16 16:05:37.829425+00,2015-05-16 16:05:37.829425+00
41,M,Harold,Whitley,54226038398,1988-09-07,h.whitley@example.com,(79) 3999-4141,(96) 0549-0725,Av. Indianópolis,100,Indianópolis,São Paulo,SP,04062-000,2015-05-16 16:05:37.831148+00,2015-05-16 16:05:37.831148+00
42,M,Roberto,White,37077708200,1927-02-24,r.white@example.com,(69) 3238-0804,(79) 8989-9544,Av. Ulisses Reis de Matos,100,Morumbi,São Paulo,SP,00568-602,2015-05-16 16:05:37.831743+00,2015-05-16 16:05:37.831743+00
43,F,Barabara,Mitchell,96034494288,1938-10-21,b.mitchell@example.com,(54) 7824-4259,(18) 9220-4790,Rua Padre Machado,68,Vila Mariana,São Paulo,SP,04127-001,2015-05-16 16:05:37.837435+00,2015-05-16 16:05:37.837435+00
44,M,Richard,Ortiz,87391455119,1936-06-16,r.ortiz@example.com,(58) 7881-6833,(47) 6241-3763,Av. Moreira Guimarães,367,Moema,São Paulo,SP,04074-030,2015-05-16 16:05:37.837966+00,2015-05-16 16:05:37.837966+00
45,F,Alyce,Boyd,47433974523,1996-07-09,a.boyd@example.com,(47) 6627-6970,(10) 6272-1541,Av. Ulisses Reis de Matos,100,Morumbi,São Paulo,SP,00568-602,2015-05-16 16:05:37.839575+00,2015-05-16 16:05:37.839575+00
46,M,Gene,Oeltjen,07665236417,1928-11-13,g.oeltjen@example.com,(03) 8342-3636,(39) 6657-9831,Av. Indianópolis,100,Indianópolis,São Paulo,SP,04062-000,2015-05-16 16:05:37.890986+00,2015-05-16 16:05:37.890986+00
47,F,Esther,Dergance,65918924118,1985-11-19,e.dergance@example.com,(22) 0535-4696,(11) 6735-8404,Av. Indianópolis,100,Indianópolis,São Paulo,SP,04062-000,2015-05-16 16:05:37.952863+00,2015-05-16 16:05:37.952863+00
48,M,Anthony,Kubesh,92833539808,1956-01-20,a.kubesh@example.com,(91) 9130-8763,(93) 0033-3901,Av. Moreira Guimarães,367,Moema,São Paulo,SP,04074-030,2015-05-16 16:05:38.058939+00,2015-05-16 16:05:38.058939+00
49,M,Kenneth,Davis,18684542035,1950-01-26,k.davis@example.com,(27) 8011-1233,(82) 1052-3749,Av. Moreira Guimarães,367,Moema,São Paulo,SP,04074-030,2015-05-16 16:05:38.059385+00,2015-05-16 16:05:38.059385+00
50,F,Ashley,Hensley,86465857509,1934-07-08,a.hensley@example.com,(32) 2382-4024,(51) 4080-0168,Av. Moreira Guimarães,367,Moema,São Paulo,SP,04074-030,2015-05-16 16:05:38.060526+00,2015-05-16 16:05:38.060526+00
51,F,Annie,Pennington,06417269842,1938-08-20,a.pennington@example.com,(47) 1301-3130,(40) 5594-0953,Av. Indianópolis,100,Indianópolis,São Paulo,SP,04062-000,2015-05-16 16:05:38.061986+00,2015-05-16 16:05:38.061986+00
52,F,Candice,Switzer,67679628759,1936-05-17,c.switzer@example.com,(23) 3914-3946,(56) 3164-1800,Rua Padre Machado,68,Vila Mariana,São Paulo,SP,04127-001,2015-05-16 16:05:38.066046+00,2015-05-16 16:05:38.066046+00
53,M,Raleigh,Matos,04185122758,1990-04-03,r.matos@example.com,(69) 0481-8770,(88) 9066-3509,Av. Moreira Guimarães,367,Moema,São Paulo,SP,04074-030,2015-05-16 16:05:38.070244+00,2015-05-16 16:05:38.070244+00
54,M,Vincent,Jolin,35624158469,1978-06-18,v.jolin@example.com,(20) 3611-8480,(26) 9904-6873,Av. Ulisses Reis de Matos,100,Morumbi,São Paulo,SP,00568-602,2015-05-16 16:05:38.082987+00,2015-05-16 16:05:38.082987+00
55,F,Margo,Glass,45488149286,1942-08-08,m.glass@example.com,(27) 5674-1821,(64) 9916-5767,Av. Pacaembú,380,Barra Funda,São Paulo,SP,01155-000,2015-05-16 16:05:38.085164+00,2015-05-16 16:05:38.085164+00
56,F,Helen,Williams,44465397420,1946-06-21,h.williams@example.com,(97) 5957-4513,(77) 4530-9135,Av. Ulisses Reis de Matos,100,Morumbi,São Paulo,SP,00568-602,2015-05-16 16:05:38.085545+00,2015-05-16 16:05:38.085545+00
57,F,Dorothy,Parnell,45474737788,1932-06-05,d.parnell@example.com,(16) 3079-7666,(65) 8218-5442,Av. Pacaembú,380,Barra Funda,São Paulo,SP,01155-000,2015-05-16 16:05:38.088913+00,2015-05-16 16:05:38.088913+00
58,F,Louise,Council,67042866402,1948-12-15,l.council@example.com,(67) 5402-4109,(04) 4136-5915,Av. Moreira Guimarães,367,Moema,São Paulo,SP,04074-030,2015-05-16 16:05:38.094054+00,2015-05-16 16:05:38.094054+00
59,F,Clarissa,Backus,89131226459,1934-01-18,c.backus@example.com,(78) 4630-5126,(67) 5984-0188,Rua Padre Machado,68,Vila Mariana,São Paulo,SP,04127-001,2015-05-16 16:05:38.101968+00,2015-05-16 16:05:38.101968+00
60,M,Jim,Hunt,40884592450,1949-03-05,j.hunt@example.com,(61) 3292-0508,(23) 6417-2847,Av. Pacaembú,380,Barra Funda,São Paulo,SP,01155-000,2015-05-16 16:05:38.102717+00,2015-05-16 16:05:38.102717+00
61,M,Robert,Courtney,31860633701,1946-08-16,r.courtney@example.com,(25) 3134-0882,(88) 0520-0496,Av. Indianópolis,100,Indianópolis,São Paulo,SP,04062-000,2015-05-16 16:05:38.104769+00,2015-05-16 16:05:38.104769+00
62,M,George,Burt,29856739247,1947-07-06,g.burt@example.com,(13) 8115-6297,(89) 8838-7961,Rua Padre Machado,68,Vila Mariana,São Paulo,SP,04127-001,2015-05-16 16:05:38.106455+00,2015-05-16 16:05:38.106455+00
63,M,Mark,Janeway,89513750087,1930-11-28,m.janeway@example.com,(84) 6978-2570,(49) 9893-3012,Rua Padre Machado,68,Vila Mariana,São Paulo,SP,04127-001,2015-05-16 16:05:38.145899+00,2015-05-16 16:05:38.145899+00
64,F,Larhonda,Godeaux,41761811487,1984-09-16,l.godeaux@example.com,(99) 9130-6980,(70) 6177-4745,Rua Padre Machado,68,Vila Mariana,São Paulo,SP,04127-001,2015-05-16 16:05:38.200969+00,2015-05-16 16:05:38.200969+00
65,M,Adrian,Doyle,74766828269,1938-07-24,a.doyle@example.com,(46) 8905-1129,(01) 6975-9792,Av. Pacaembú,380,Barra Funda,São Paulo,SP,01155-000,2015-05-16 16:05:38.202265+00,2015-05-16 16:05:38.202265+00
66,F,Maurine,Boulanger,71044198960,1951-04-09,m.boulanger@example.com,(27) 3961-8317,(99) 2864-3363,Rua Padre Machado,68,Vila Mariana,São Paulo,SP,04127-001,2015-05-16 16:05:38.216415+00,2015-05-16 16:05:38.216415+00
67,M,Daniel,Brecht,63497140745,1938-10-06,d.brecht@example.com,(89) 5420-1361,(32) 9822-8463,Av. Indianópolis,100,Indianópolis,São Paulo,SP,04062-000,2015-05-16 16:05:38.233597+00,2015-05-16 16:05:38.233597+00
68,F,Cathy,Clark,65900937770,1923-02-21,c.clark@example.com,(30) 9777-2644,(66) 7784-9228,Av. Moreira Guimarães,367,Moema,São Paulo,SP,04074-030,2015-05-16 16:05:38.234235+00,2015-05-16 16:05:38.234235+00
69,M,Bradley,Phillips,63589550781,1967-07-13,b.phillips@example.com,(24) 3319-8460,(46) 3360-9059,Av. Moreira Guimarães,367,Moema,São Paulo,SP,04074-030,2015-05-16 16:05:38.234798+00,2015-05-16 16:05:38.234798+00
70,M,James,Reed,50777610110,1958-02-02,j.reed@example.com,(44) 6034-3199,(26) 9990-2023,Av. Ulisses Reis de Matos,100,Morumbi,São Paulo,SP,00568-602,2015-05-16 16:05:38.235217+00,2015-05-16 16:05:38.235217+00
71,F,Wendy,Rhoades,11791143146,1956-01-06,w.rhoades@example.com,(45) 8344-8836,(77) 2168-7247,Av. Ulisses Reis de Matos,100,Morumbi,São Paulo,SP,00568-602,2015-05-16 16:05:38.238341+00,2015-05-16 16:05:38.238341+00
72,F,Thelma,Armstrong,08872676643,1944-02-05,t.armstrong@example.com,(91) 0782-8856,(02) 7487-5570,Av. Pacaembú,380,Barra Funda,São Paulo,SP,01155-000,2015-05-16 16:05:38.239080+00,2015-05-16 16:05:38.239080+00
73,F,Miriam,Pendleton,96725690318,1924-03-24,m.pendleton@example.com,(24) 5263-5361,(41) 0530-4558,Av. Pacaembú,380,Barra Funda,São Paulo,SP,01155-000,2015-05-16 16:05:38.242182+00,2015-05-16 16:05:38.242182+00
74,M,Willie,Wilson,78328903645,1997-03-17,w.wilson@example.com,(51) 6840-8216,(16) 5775-0613,Av. Ulisses Reis de Matos,100,Morumbi,São Paulo,SP,00568-602,2015-05-16 16:05:38.242644+00,2015-05-16 16:05:38.242644+00
75,M,Steven,Law,41931258068,1944-10-08,s.law@example.com,(39) 0800-0258,(29) 3002-6465,Rua Padre Machado,68,Vila Mariana,São Paulo,SP,04127-001,2015-05-16 16:05:38.244435+00,2015-05-16 16:05:38.244435+00
76,F,Diana,Mckinney,82116670520,1938-03-03,d.mckinney@example.com,(22) 9923-5457,(34) 8139-8363,Av. Pacaembú,380,Barra Funda,São Paulo,SP,01155-000,2015-05-16 16:05:38.245542+00,2015-05-16 16:05:38.245542+00
77,M,Guy,Ford,65986603433,1946-09-26,g.ford@example.com,(64) 0614-8272,(93) 3336-9536,Av. Pacaembú,380,Barra Funda,São Paulo,SP,01155-000,2015-05-16 16:05:38.246384+00,2015-05-16 16:05:38.246384+00
78,F,Anna,Riccelli,71058586595,1921-06-01,a.riccelli@example.com,(88) 5050-0611,(97) 1521-0325,Av. Moreira Guimarães,367,Moema,São Paulo,SP,04074-030,2015-05-16 16:05:38.321489+00,2015-05-16 16:05:38.321489+00
79,M,Steven,Encinas,63636720553,1932-05-27,s.encinas@example.com,(69) 9378-3475,(80) 2108-4202,Av. Ulisses Reis de Matos,100,Morumbi,São Paulo,SP,00568-602,2015-05-16 16:05:38.338385+00,2015-05-16 16:05:38.338385+00
80,F,Betsy,Delgado,17029541699,1950-07-09,b.delgado@example.com,(53) 6350-3457,(61) 9620-7517,Av. Pacaembú,380,Barra Funda,São Paulo,SP,01155-000,2015-05-16 16:05:38.339943+00,2015-05-16 16:05:38.339943+00
81,F,Sara,Hernandez,96175318988,1968-10-15,s.hernandez@example.com,(10) 2864-9151,(40) 0811-8114,Av. Ulisses Reis de Matos,100,Morumbi,São Paulo,SP,00568-602,2015-05-16 16:05:38.340848+00,2015-05-16 16:05:38.340848+00
82,F,Maryann,Waller,03111647117,1996-10-10,m.waller@example.com,(72) 0736-7254,(51) 4486-8284,Av. Indianópolis,100,Indianópolis,São Paulo,SP,04062-000,2015-05-16 16:05:38.344225+00,2015-05-16 16:05:38.344225+00
83,M,Basil,Hamlin,37351360888,1984-08-17,b.hamlin@example.com,(97) 4858-6424,(86) 0152-5425,Av. Indianópolis,100,Indianópolis,São Paulo,SP,04062-000,2015-05-16 16:05:38.349771+00,2015-05-16 16:05:38.349771+00
84,M,Kenneth,Quevedo,20597036599,1995-04-03,k.quevedo@example.com,(53) 4805-7699,(12) 3912-9101,Av. Moreira Guimarães,367,Moema,São Paulo,SP,04074-030,2015-05-16 16:05:38.363494+00,2015-05-16 16:05:38.363494+00
85,F,Mary,Mitchell,24261001874,1929-04-26,m.mitchell@example.com,(56) 4428-0376,(50) 9707-3505,Av. Indianópolis,100,Indianópolis,São Paulo,SP,04062-000,2015-05-16 16:05:38.363975+00,2015-05-16 16:05:38.363975+00
86,F,Dorothy,Porter,13959332984,1979-09-19,d.porter@example.com,(02) 2709-6112,(97) 7572-1207,Rua Padre Machado,68,Vila Mariana,São Paulo,SP,04127-001,2015-05-16 16:05:38.364509+00,2015-05-16 16:05:38.364509+00
87,M,Bernard,Heaton,79234022583,1991-02-24,b.heaton@example.com,(84) 6328-3214,(65) 5708-7845,Av. Pacaembú,380,Barra Funda,São Paulo,SP,01155-000,2015-05-16 16:05:38.368825+00,2015-05-16 16:05:38.368825+00
88,M,John,Spears,63220746031,1968-03-21,j.spears@example.com,(11) 5128-4260,(44) 3736-9073,Av. Pacaembú,380,Barra Funda,São Paulo,SP,01155-000,2015-05-16 16:05:38.370305+00,2015-05-16 16:05:38.370305+00
89,F,Sylvia,Demarsico,84358481766,1918-04-20,s.demarsico@example.com,(19) 9679-6876,(81) 3618-0397,Av. Ulisses Reis de Matos,100,Morumbi,São Paulo,SP,00568-602,2015-05-16 16:05:38.417457+00,2015-05-16 16:05:38.417457+00
90,F,Kim,Barrett,83029768466,1996-01-23,k.barrett@example.com,(90) 9121-4681,(48) 1775-1663,Av. Pacaembú,380,Barra Funda,São Paulo,SP,01155-000,2015-05-16 16:05:38.418887+00,2015-05-16 16:05:38.418887+00
91,M,Julio,Wilson,13678877910,1985-02-17,j.wilson@example.com,(22) 4347-0214,(82) 0245-5167,Av. Moreira Guimarães,367,Moema,São Paulo,SP,04074-030,2015-05-16 16:05:38.419662+00,2015-05-16 16:05:38.419662+00
92,F,Kimberly,Rigby,74285028717,1918-09-27,k.rigby@example.com,(10) 9605-5115,(08) 8903-4069,Av. Pacaembú,380,Barra Funda,São Paulo,SP,01155-000,2015-05-16 16:05:38.426518+00,2015-05-16 16:05:38.426518+00
93,M,Rafael,Mcdaniel,61600168564,1928-09-21,r.mcdaniel@example.com,(89) 7125-1304,(89) 5388-0251,Av. Ulisses Reis de Matos,100,Morumbi,São Paulo,SP,00568-602,2015-05-16 16:05:38.428378+00,2015-05-16 16:05:38.428378+00
94,F,Rosario,Nghiem,93601152347,1928-11-18,r.nghiem@example.com,(12) 5807-2661,(64) 8246-7324,Rua Padre Machado,68,Vila Mariana,São Paulo,SP,04127-001,2015-05-16 16:05:38.461674+00,2015-05-16 16:05:38.461674+00
95,F,Joyce,Munsey,63189360758,1935-11-24,j.munsey@example.com,(63) 7245-4879,(12) 9990-2570,Rua Padre Machado,68,Vila Mariana,São Paulo,SP,04127-001,2015-05-16 16:05:38.475746+00,2015-05-16 16:05:38.475746+00
96,F,Brenda,Collins,40372379232,1933-01-02,b.collins@example.com,(29) 7271-1313,(54) 1968-9948,Av. Indianópolis,100,Indianópolis,São Paulo,SP,04062-000,2015-05-16 16:05:38.476621+00,2015-05-16 16:05:38.476621+00
97,M,Frank,White,70359614606,1960-03-17,f.white@example.com,(42) 4244-6764,(31) 5316-3968,Av. Ulisses Reis de Matos,100,Morumbi,São Paulo,SP,00568-602,2015-05-16 16:05:38.477329+00,2015-05-16 16:05:38.477329+00
98,F,Nora,Morrow,92175560464,1931-02-21,n.morrow@example.com,(17) 9825-3450,(56) 6434-3214,Av. Moreira Guimarães,367,Moema,São Paulo,SP,04074-030,2015-05-16 16:05:38.479357+00,2015-05-16 16:05:38.479357+00
99,M,Mike,Lebrun,51929009048,1973-09-27,m.lebrun@example.com,(22) 8489-9015,(99) 1031-3414,Av. Indianópolis,100,Indianópolis,São Paulo,SP,04062-000,2015-05-16 16:05:38.489656+00,2015-05-16 16:05:38.489656+00
100,F,Mary,Ruse,84341670296,1951-08-24,m.ruse@example.com,(72) 7941-9732,(68) 4181-2128,Av. Indianópolis,100,Indianópolis,São Paulo,SP,04062-000,2015-05-16 16:05:38.523605+00,2015-05-16 16:05:38.523605+00
101,M,Gary,Stewart,21278999687,1950-09-20,g.stewart@example.com,(25) 8970-9583,(65) 8500-6501,Av. Indianópolis,100,Indianópolis,São Paulo,SP,04062-000,2015-05-16 16:05:38.524128+00,2015-05-16 16:05:38.524128+00
102,M,Ben,Kirkham,11046919663,1992-09-08,b.kirkham@example.com,(81) 5727-3786,(48) 3000-4464,Av. Indianópolis,100,Indianópolis,São Paulo,SP,04062-000,2015-05-16 16:05:38.533243+00,2015-05-16 16:05:38.533243+00
103,M,James,Roberson,96624810179,1968-06-03,j.roberson@example.com,(56) 2748-9950,(82) 7388-0242,Av. Pacaembú,380,Barra Funda,São Paulo,SP,01155-000,2015-05-16 16:05:38.534313+00,2015-05-16 16:05:38.534313+00
104,F,Holly,Potts,15580324512,1956-03-28,h.potts@example.com,(71) 5675-8914,(16) 0766-5765,Av. Ulisses Reis de Matos,100,Morumbi,São Paulo,SP,00568-602,2015-05-16 16:05:38.535991+00,2015-05-16 16:05:38.535991+00
105,F,Terry,Tucker,63881389273,1925-08-03,t.tucker@example.com,(98) 1064-2298,(38) 7230-4694,Av. Pacaembú,380,Barra Funda,São Paulo,SP,01155-000,2015-05-16 16:05:38.536840+00,2015-05-16 16:05:38.536840+00
106,M,John,Wheat,86992657643,1942-01-11,j.wheat@example.com,(66) 9071-0634,(12) 8199-8768,Av. Pacaembú,380,Barra Funda,São Paulo,SP,01155-000,2015-05-16 16:05:38.540535+00,2015-05-16 16:05:38.540535+00
107,M,Christopher,Hisaw,17085299118,1952-06-16,c.hisaw@example.com,(95) 0869-0038,(77) 3485-3465,Av. Pacaembú,380,Barra Funda,São Paulo,SP,01155-000,2015-05-16 16:05:38.578305+00,2015-05-16 16:05:38.578305+00
108,M,Anthony,Davis,63379690460,1927-05-17,a.davis@example.com,(86) 5708-8530,(31) 1497-1431,Av. Pacaembú,380,Barra Funda,São Paulo,SP,01155-000,2015-05-16 16:05:38.578771+00,2015-05-16 16:05:38.578771+00
109,M,Nick,Brown,11845496874,1994-09-01,n.brown@example.com,(06) 4106-6505,(06) 8664-5407,Av. Pacaembú,380,Barra Funda,São Paulo,SP,01155-000,2015-05-16 16:05:38.579525+00,2015-05-16 16:05:38.579525+00
110,M,James,Glaab,70208488040,1949-04-14,j.glaab@example.com,(10) 4519-0983,(13) 5481-8625,Av. Indianópolis,100,Indianópolis,São Paulo,SP,04062-000,2015-05-16 16:05:38.667706+00,2015-05-16 16:05:38.667706+00
111,F,Ines,Castrejon,83599593634,1933-06-25,i.castrejon@example.com,(05) 2720-8657,(98) 0012-0292,Av. Pacaembú,380,Barra Funda,São Paulo,SP,01155-000,2015-05-16 16:05:38.686348+00,2015-05-16 16:05:38.686348+00
112,F,Barbara,Prillaman,27207685957,1931-06-28,b.prillaman@example.com,(71) 6252-5546,(18) 1487-2936,Av. Pacaembú,380,Barra Funda,São Paulo,SP,01155-000,2015-05-16 16:05:38.746674+00,2015-05-16 16:05:38.746674+00
113,F,Jennifer,Baer,66006699478,1919-04-16,j.baer@example.com,(74) 4773-4015,(06) 3341-8530,Av. Moreira Guimarães,367,Moema,São Paulo,SP,04074-030,2015-05-16 16:05:38.751156+00,2015-05-16 16:05:38.751156+00
114,F,Sherry,Salvage,69244126498,1934-10-21,s.salvage@example.com,(19) 7864-3473,(40) 3066-1230,Av. Ulisses Reis de Matos,100,Morumbi,São Paulo,SP,00568-602,2015-05-16 16:05:38.823237+00,2015-05-16 16:05:38.823237+00
115,M,George,Fullbright,60094714750,1953-07-07,g.fullbright@example.com,(17) 6107-2980,(26) 5179-7482,Av. Ulisses Reis de Matos,100,Morumbi,São Paulo,SP,00568-602,2015-05-16 16:05:38.852844+00,2015-05-16 16:05:38.852844+00
116,M,Jaime,Hunt,49452084834,1989-02-15,j.hunt@example.com,(69) 4150-0509,(84) 6369-8410,Av. Pacaembú,380,Barra Funda,São Paulo,SP,01155-000,2015-05-16 16:05:38.853821+00,2015-05-16 16:05:38.853821+00
117,M,Tracy,Pratt,57008179881,1947-04-12,t.pratt@example.com,(98) 3795-4424,(01) 1670-2679,Av. Indianópolis,100,Indianópolis,São Paulo,SP,04062-000,2015-05-16 16:05:38.855133+00,2015-05-16 16:05:38.855133+00
118,F,Doris,Oberlin,64248990873,1993-10-13,d.oberlin@example.com,(97) 9649-6071,(08) 2211-3234,Av. Indianópolis,100,Indianópolis,São Paulo,SP,04062-000,2015-05-16 16:05:38.879072+00,2015-05-16 16:05:38.879072+00
119,M,Troy,Garcia,17224435388,1977-11-16,t.garcia@example.com,(41) 9068-3837,(93) 9815-4379,Av. Moreira Guimarães,367,Moema,São Paulo,SP,04074-030,2015-05-16 16:05:38.879696+00,2015-05-16 16:05:38.879696+00
120,M,Kevin,Sedore,63856086260,1979-12-27,k.sedore@example.com,(95) 1678-3385,(19) 5816-7737,Av. Indianópolis,100,Indianópolis,São Paulo,SP,04062-000,2015-05-16 16:05:38.916033+00,2015-05-16 16:05:38.916033+00
121,M,Jerry,Pierce,18364856585,1997-08-20,j.pierce@example.com,(22) 3902-6584,(24) 9999-1779,Av. Pacaembú,380,Barra Funda,São Paulo,SP,01155-000,2015-05-16 16:05:38.916718+00,2015-05-16 16:05:38.916718+00
122,M,George,Phan,00453744909,1955-03-16,g.phan@example.com,(10) 6308-5269,(98) 0312-2967,Rua Padre Machado,68,Vila Mariana,São Paulo,SP,04127-001,2015-05-16 16:05:38.921004+00,2015-05-16 16:05:38.921004+00
123,M,Larry,Dick,06188235375,1970-06-16,l.dick@example.com,(83) 7348-1785,(17) 1185-1712,Av. Indianópolis,100,Indianópolis,São Paulo,SP,04062-000,2015-05-16 16:05:38.923267+00,2015-05-16 16:05:38.923267+00
124,F,Carol,Graham,24829852300,1976-10-22,c.graham@example.com,(06) 3789-1702,(50) 8868-5189,Av. Moreira Guimarães,367,Moema,São Paulo,SP,04074-030,2015-05-16 16:05:38.923779+00,2015-05-16 16:05:38.923779+00
125,F,Ruth,Nolan,03288491026,1936-06-10,r.nolan@example.com,(63) 0209-0497,(21) 7931-5195,Av. Ulisses Reis de Matos,100,Morumbi,São Paulo,SP,00568-602,2015-05-16 16:05:38.925126+00,2015-05-16 16:05:38.925126+00
126,F,Evelyn,Vasquez,13842924374,1922-09-01,e.vasquez@example.com,(39) 3088-0724,(89) 8646-2579,Av. Ulisses Reis de Matos,100,Morumbi,São Paulo,SP,00568-602,2015-05-16 16:05:38.925831+00,2015-05-16 16:05:38.925831+00
127,M,Raymond,Cloutman,84255879915,1970-01-07,r.cloutman@example.com,(82) 0088-2628,(14) 2578-1919,Av. Ulisses Reis de Matos,100,Morumbi,São Paulo,SP,00568-602,2015-05-16 16:05:39.003164+00,2015-05-16 16:05:39.003164+00
128,M,Lonnie,Smith,73923109172,1936-04-22,l.smith@example.com,(41) 3718-3203,(75) 7545-3650,Av. Pacaembú,380,Barra Funda,São Paulo,SP,01155-000,2015-05-16 16:05:39.003908+00,2015-05-16 16:05:39.003908+00
129,F,Virginia,Dixon,88987047307,1976-07-28,v.dixon@example.com,(27) 8998-7177,(68) 0442-0925,Av. Ulisses Reis de Matos,100,Morumbi,São Paulo,SP,00568-602,2015-05-16 16:05:39.004482+00,2015-05-16 16:05:39.004482+00
130,M,Steven,Williams,89683505922,1939-06-10,s.williams@example.com,(50) 1902-8754,(03) 3575-1702,Av. Ulisses Reis de Matos,100,Morumbi,São Paulo,SP,00568-602,2015-05-16 16:05:39.004858+00,2015-05-16 16:05:39.004858+00
131,M,Gerald,Haywood,16421627931,1940-12-04,g.haywood@example.com,(28) 3160-0057,(30) 9362-0060,Rua Padre Machado,68,Vila Mariana,São Paulo,SP,04127-001,2015-05-16 16:05:39.007926+00,2015-05-16 16:05:39.007926+00
132,M,Harry,Davis,38629864207,1928-06-10,h.davis@example.com,(43) 5184-9575,(71) 6351-3734,Rua Padre Machado,68,Vila Mariana,São Paulo,SP,04127-001,2015-05-16 16:05:39.008791+00,2015-05-16 16:05:39.008791+00
133,M,James,Torres,65696658813,1945-11-25,j.torres@example.com,(33) 7054-3882,(17) 2854-2784,Av. Ulisses Reis de Matos,100,Morumbi,São Paulo,SP,00568-602,2015-05-16 16:05:39.009482+00,2015-05-16 16:05:39.009482+00
134,M,Deandre,Hill,33861644517,1984-03-11,d.hill@example.com,(62) 0320-6065,(29) 5257-7473,Av. Moreira Guimarães,367,Moema,São Paulo,SP,04074-030,2015-05-16 16:05:39.011738+00,2015-05-16 16:05:39.011738+00
135,M,Michael,Price,59509056818,1947-07-26,m.price@example.com,(35) 1160-3476,(01) 1396-9016,Av. Pacaembú,380,Barra Funda,São Paulo,SP,01155-000,2015-05-16 16:05:39.012418+00,2015-05-16 16:05:39.012418+00
136,M,Daniel,Galicia,43956464538,1989-07-05,d.galicia@example.com,(22) 8949-0443,(43) 5021-9304,Rua Padre Machado,68,Vila Mariana,São Paulo,SP,04127-001,2015-05-16 16:05:39.024387+00,2015-05-16 16:05:39.024387+00
137,M,Dennis,Christopherso,73819782206,1923-09-01,d.christopherso@example.com,(71) 7111-0096,(72) 0145-9628,Av. Indianópolis,100,Indianópolis,São Paulo,SP,04062-000,2015-05-16 16:05:39.033653+00,2015-05-16 16:05:39.033653+00
138,M,Marc,Melton,59101775636,1979-12-17,m.melton@example.com,(56) 2943-3398,(75) 2025-2879,Av. Moreira Guimarães,367,Moema,São Paulo,SP,04074-030,2015-05-16 16:05:39.035383+00,2015-05-16 16:05:39.035383+00
139,M,Jeremy,Jenkins,12598302458,1975-04-08,j.jenkins@example.com,(65) 7552-7055,(81) 1884-1002,Av. Ulisses Reis de Matos,100,Morumbi,São Paulo,SP,00568-602,2015-05-16 16:05:39.035954+00,2015-05-16 16:05:39.035954+00
140,M,Barry,Camacho,71126131372,1982-06-21,b.camacho@example.com,(16) 7810-8447,(03) 6131-8427,Av. Ulisses Reis de Matos,100,Morumbi,São Paulo,SP,00568-602,2015-05-16 16:05:39.037491+00,2015-05-16 16:05:39.037491+00
141,M,Larry,Smith,42604228249,1969-05-06,l.smith@example.com,(50) 2510-1025,(18) 5518-2488,Av. Pacaembú,380,Barra Funda,São Paulo,SP,01155-000,2015-05-16 16:05:39.037934+00,2015-05-16 16:05:39.037934+00
142,F,Rita,Edsall,24905171835,1921-05-10,r.edsall@example.com,(64) 3720-4335,(41) 3930-5641,Av. Moreira Guimarães,367,Moema,São Paulo,SP,04074-030,2015-05-16 16:05:39.085197+00,2015-05-16 16:05:39.085197+00
143,F,Araceli,Martinez,36192704404,1972-06-17,a.martinez@example.com,(56) 1350-2742,(44) 2525-9989,Rua Padre Machado,68,Vila Mariana,São Paulo,SP,04127-001,2015-05-16 16:05:39.087985+00,2015-05-16 16:05:39.087985+00
144,F,Billie,White,14557014111,1922-01-14,b.white@example.com,(59) 9572-0893,(06) 0727-3194,Av. Indianópolis,100,Indianópolis,São Paulo,SP,04062-000,2015-05-16 16:05:39.089267+00,2015-05-16 16:05:39.089267+00
145,F,Angela,Madrigal,36487789459,1919-05-22,a.madrigal@example.com,(92) 7427-3913,(40) 7596-6511,Av. Ulisses Reis de Matos,100,Morumbi,São Paulo,SP,00568-602,2015-05-16 16:05:39.096192+00,2015-05-16 16:05:39.096192+00
146,M,Manuel,Burris,62055597231,1937-11-14,m.burris@example.com,(97) 6821-9624,(21) 7425-8781,Av. Moreira Guimarães,367,Moema,São Paulo,SP,04074-030,2015-05-16 16:05:39.099352+00,2015-05-16 16:05:39.099352+00
147,M,Jeff,Barger,65485962879,1944-05-15,j.barger@example.com,(74) 5896-3240,(11) 6153-5719,Av. Pacaembú,380,Barra Funda,São Paulo,SP,01155-000,2015-05-16 16:05:39.105152+00,2015-05-16 16:05:39.105152+00
148,M,Daniel,Allison,00643018864,1936-06-07,d.allison@example.com,(89) 4716-2049,(60) 1812-5425,Av. Moreira Guimarães,367,Moema,São Paulo,SP,04074-030,2015-05-16 16:05:39.106948+00,2015-05-16 16:05:39.106948+00
149,F,Glenda,Lyons,67235344019,1984-07-13,g.lyons@example.com,(50) 5431-4946,(25) 9546-0930,Av. Indianópolis,100,Indianópolis,São Paulo,SP,04062-000,2015-05-16 16:05:39.108875+00,2015-05-16 16:05:39.108875+00
150,M,Anthony,Gonzales,83813730206,1963-07-02,a.gonzales@example.com,(06) 2503-7577,(14) 5608-9631,Av. Moreira Guimarães,367,Moema,São Paulo,SP,04074-030,2015-05-16 16:05:39.109779+00,2015-05-16 16:05:39.109779+00
151,F,Jennifer,Tuthill,83270237824,1916-11-24,j.tuthill@example.com,(34) 5271-3594,(74) 9557-3652,Av. Pacaembú,380,Barra Funda,São Paulo,SP,01155-000,2015-05-16 16:05:39.135015+00,2015-05-16 16:05:39.135015+00
152,M,William,Montalvo,53896586153,1948-05-13,w.montalvo@example.com,(04) 4249-1970,(12) 5016-0426,Av. Moreira Guimarães,367,Moema,São Paulo,SP,04074-030,2015-05-16 16:05:39.138735+00,2015-05-16 16:05:39.138735+00
153,F,Kathy,White,35527013255,1981-02-20,k.white@example.com,(14) 1594-6083,(16) 9704-5168,Av. Indianópolis,100,Indianópolis,São Paulo,SP,04062-000,2015-05-16 16:05:39.139200+00,2015-05-16 16:05:39.139200+00
154,F,Vincenza,Darden,42041477663,1986-06-22,v.darden@example.com,(01) 6363-6102,(21) 7293-8839,Av. Ulisses Reis de Matos,100,Morumbi,São Paulo,SP,00568-602,2015-05-16 16:05:39.144765+00,2015-05-16 16:05:39.144765+00
155,M,Derrick,Oshields,01638405345,1956-02-06,d.oshields@example.com,(84) 4526-7428,(62) 7202-7113,Av. Ulisses Reis de Matos,100,Morumbi,São Paulo,SP,00568-602,2015-05-16 16:05:39.165574+00,2015-05-16 16:05:39.165574+00
156,F,Jewell,Meeler,30437199791,1997-04-28,j.meeler@example.com,(84) 8643-7077,(18) 6864-0336,Rua Padre Machado,68,Vila Mariana,São Paulo,SP,04127-001,2015-05-16 16:05:39.215047+00,2015-05-16 16:05:39.215047+00
157,M,Allen,Ford,82523358173,1964-09-25,a.ford@example.com,(10) 9600-5544,(10) 4824-7044,Av. Indianópolis,100,Indianópolis,São Paulo,SP,04062-000,2015-05-16 16:05:39.215741+00,2015-05-16 16:05:39.215741+00
158,M,Floyd,Byers,48316546846,1972-06-15,f.byers@example.com,(10) 9487-5744,(67) 4927-6361,Av. Indianópolis,100,Indianópolis,São Paulo,SP,04062-000,2015-05-16 16:05:39.217537+00,2015-05-16 16:05:39.217537+00
159,F,Jennifer,Rodriguez,72869288440,1925-07-05,j.rodriguez@example.com,(56) 7260-1078,(54) 8086-1488,Av. Ulisses Reis de Matos,100,Morumbi,São Paulo,SP,00568-602,2015-05-16 16:05:39.217988+00,2015-05-16 16:05:39.217988+00
160,M,Wallace,Lajaunie,62536772614,1937-01-15,w.lajaunie@example.com,(14) 2304-0967,(34) 7521-7786,Av. Moreira Guimarães,367,Moema,São Paulo,SP,04074-030,2015-05-16 16:05:39.292751+00,2015-05-16 16:05:39.292751+00
161,F,Helen,Alvarado,25702964052,1977-12-28,h.alvarado@example.com,(54) 8301-8215,(87) 4558-6912,Rua Padre Machado,68,Vila Mariana,São Paulo,SP,04127-001,2015-05-16 16:05:39.293809+00,2015-05-16 16:05:39.293809+00
162,M,Wiley,Tate,64502078267,1919-02-14,w.tate@example.com,(70) 8675-8916,(54) 6811-4661,Av. Ulisses Reis de Matos,100,Morumbi,São Paulo,SP,00568-602,2015-05-16 16:05:39.295457+00,2015-05-16 16:05:39.295457+00
163,M,Matthew,Nelson,50076249236,1992-11-12,m.nelson@example.com,(35) 4319-6373,(62) 0510-2994,Av. Ulisses Reis de Matos,100,Morumbi,São Paulo,SP,00568-602,2015-05-16 16:05:39.295890+00,2015-05-16 16:05:39.295890+00
164,M,Samuel,Rowell,49302019126,1928-12-11,s.rowell@example.com,(54) 9566-9828,(86) 6709-7885,Av. Pacaembú,380,Barra Funda,São Paulo,SP,01155-000,2015-05-16 16:05:39.298722+00,2015-05-16 16:05:39.298722+00
165,F,Bobby,Brelsford,64791362857,1931-01-26,b.brelsford@example.com,(40) 3472-6896,(58) 0501-9633,Av. Pacaembú,380,Barra Funda,São Paulo,SP,01155-000,2015-05-16 16:05:39.345319+00,2015-05-16 16:05:39.345319+00
166,F,Gwendolyn,Walker,85337011027,1966-08-23,g.walker@example.com,(01) 3098-1931,(27) 6661-7048,Av. Moreira Guimarães,367,Moema,São Paulo,SP,04074-030,2015-05-16 16:05:39.346178+00,2015-05-16 16:05:39.346178+00
167,F,Bernadette,Mynatt,43216736568,1959-12-19,b.mynatt@example.com,(09) 1788-6667,(73) 9707-5846,Av. Pacaembú,380,Barra Funda,São Paulo,SP,01155-000,2015-05-16 16:05:39.363292+00,2015-05-16 16:05:39.363292+00
168,M,Clifton,Russell,74810789000,1954-04-08,c.russell@example.com,(45) 7295-3697,(42) 6335-0622,Av. Pacaembú,380,Barra Funda,São Paulo,SP,01155-000,2015-05-16 16:05:39.364178+00,2015-05-16 16:05:39.364178+00
169,M,Rudy,Leif,19675389801,1928-09-22,r.leif@example.com,(85) 9096-4502,(67) 4091-5306,Av. Pacaembú,380,Barra Funda,São Paulo,SP,01155-000,2015-05-16 16:05:39.424223+00,2015-05-16 16:05:39.424223+00
170,M,Ryan,Rangel,17506467508,1936-03-18,r.rangel@example.com,(86) 2539-3495,(41) 7517-6715,Av. Ulisses Reis de Matos,100,Morumbi,São Paulo,SP,00568-602,2015-05-16 16:05:39.426134+00,2015-05-16 16:05:39.426134+00
171,M,Joe,Howell,61497768562,1923-06-22,j.howell@example.com,(21) 9495-9714,(17) 4414-0347,Av. Indianópolis,100,Indianópolis,São Paulo,SP,04062-000,2015-05-16 16:05:39.426850+00,2015-05-16 16:05:39.426850+00
172,F,Jodi,Corwin,54880427770,1958-05-26,j.corwin@example.com,(19) 1971-2309,(62) 3202-8390,Av. Ulisses Reis de Matos,100,Morumbi,São Paulo,SP,00568-602,2015-05-16 16:05:39.433498+00,2015-05-16 16:05:39.433498+00
173,M,John,Balagtas,42802050711,1960-11-03,j.balagtas@example.com,(59) 2065-5627,(62) 3295-5488,Av. Pacaembú,380,Barra Funda,São Paulo,SP,01155-000,2015-05-16 16:05:39.533966+00,2015-05-16 16:05:39.533966+00
174,F,Tasha,Wagner,10268195220,1926-03-08,t.wagner@example.com,(89) 0639-3535,(85) 6545-4765,Rua Padre Machado,68,Vila Mariana,São Paulo,SP,04127-001,2015-05-16 16:05:39.535198+00,2015-05-16 16:05:39.535198+00
175,M,Jeffrey,Dunham,47794069852,1990-03-05,j.dunham@example.com,(29) 3110-0020,(82) 6939-2873,Av. Pacaembú,380,Barra Funda,São Paulo,SP,01155-000,2015-05-16 16:05:39.537365+00,2015-05-16 16:05:39.537365+00
176,M,David,Seymore,75734713329,1934-07-28,d.seymore@example.com,(95) 3774-5437,(22) 2215-5033,Av. Pacaembú,380,Barra Funda,São Paulo,SP,01155-000,2015-05-16 16:05:39.543482+00,2015-05-16 16:05:39.543482+00
177,M,Alexander,Olson,54010923211,1964-09-22,a.olson@example.com,(89) 2986-4161,(41) 7877-0522,Av. Ulisses Reis de Matos,100,Morumbi,São Paulo,SP,00568-602,2015-05-16 16:05:39.544308+00,2015-05-16 16:05:39.544308+00
178,F,Diane,Smith,40163328233,1970-10-20,d.smith@example.com,(53) 8309-5861,(50) 8899-5572,Av. Indianópolis,100,Indianópolis,São Paulo,SP,04062-000,2015-05-16 16:05:39.544729+00,2015-05-16 16:05:39.544729+00
179,F,Lola,West,36073868735,1964-02-16,l.west@example.com,(27) 2284-0293,(81) 7122-3278,Rua Padre Machado,68,Vila Mariana,São Paulo,SP,04127-001,2015-05-16 16:05:39.545698+00,2015-05-16 16:05:39.545698+00
180,M,Steven,Hammonds,74845900752,1948-03-11,s.hammonds@example.com,(92) 6312-1606,(96) 5993-2057,Av. Moreira Guimarães,367,Moema,São Paulo,SP,04074-030,2015-05-16 16:05:39.549234+00,2015-05-16 16:05:39.549234+00
181,F,Lorraine,Cole,24698349632,1930-07-15,l.cole@example.com,(50) 1864-8088,(42) 2082-9843,Av. Indianópolis,100,Indianópolis,São Paulo,SP,04062-000,2015-05-16 16:05:39.550018+00,2015-05-16 16:05:39.550018+00
182,F,Jessica,Pam,34306135993,1952-04-26,j.pam@example.com,(47) 2158-2040,(16) 0400-9324,Av. Ulisses Reis de Matos,100,Morumbi,São Paulo,SP,00568-602,2015-05-16 16:05:39.571076+00,2015-05-16 16:05:39.571076+00
183,M,Rodger,Douglas,34340586843,1941-10-02,r.douglas@example.com,(42) 9732-8268,(05) 6069-0085,Av. Ulisses Reis de Matos,100,Morumbi,São Paulo,SP,00568-602,2015-05-16 16:05:39.572503+00,2015-05-16 16:05:39.572503+00
184,F,Christine,Rosel,52359891546,1973-05-26,c.rosel@example.com,(57) 6298-7060,(53) 1203-6863,Av. Moreira Guimarães,367,Moema,São Paulo,SP,04074-030,2015-05-16 16:05:39.604605+00,2015-05-16 16:05:39.604605+00
185,F,Kathryne,Weeks,17532180238,1985-11-12,k.weeks@example.com,(18) 1633-2770,(17) 8764-7076,Av. Moreira Guimarães,367,Moema,São Paulo,SP,04074-030,2015-05-16 16:05:39.608545+00,2015-05-16 16:05:39.608545+00
186,M,Bryan,Gordon,21716462022,1948-08-03,b.gordon@example.com,(93) 8184-6719,(90) 1459-8941,Av. Indianópolis,100,Indianópolis,São Paulo,SP,04062-000,2015-05-16 16:05:39.609236+00,2015-05-16 16:05:39.609236+00
187,F,Marie,Hart,48909701698,1915-08-01,m.hart@example.com,(66) 1933-1134,(68) 8187-1780,Av. Moreira Guimarães,367,Moema,São Paulo,SP,04074-030,2015-05-16 16:05:39.609884+00,2015-05-16 16:05:39.609884+00
188,F,June,Castillo,46021389880,1983-02-13,j.castillo@example.com,(00) 2600-2734,(84) 2211-6118,Av. Moreira Guimarães,367,Moema,São Paulo,SP,04074-030,2015-05-16 16:05:39.610706+00,2015-05-16 16:05:39.610706+00
189,F,Margaret,Twitty,13393848926,1915-10-04,m.twitty@example.com,(62) 1011-4322,(55) 0030-7922,Av. Indianópolis,100,Indianópolis,São Paulo,SP,04062-000,2015-05-16 16:05:39.621484+00,2015-05-16 16:05:39.621484+00
190,F,Ethel,Yeah,58044952217,1952-06-10,e.yeah@example.com,(53) 0508-1464,(66) 8253-3256,Av. Indianópolis,100,Indianópolis,São Paulo,SP,04062-000,2015-05-16 16:05:39.692827+00,2015-05-16 16:05:39.692827+00
191,F,Blanch,Mutchler,44060971148,1931-10-03,b.mutchler@example.com,(76) 0826-7831,(53) 9676-7447,Av. Indianópolis,100,Indianópolis,São Paulo,SP,04062-000,2015-05-16 16:05:39.709574+00,2015-05-16 16:05:39.709574+00
192,M,Gene,Hester,40773231421,1984-05-13,g.hester@example.com,(51) 5439-1700,(90) 8306-2815,Av. Indianópolis,100,Indianópolis,São Paulo,SP,04062-000,2015-05-16 16:05:39.711331+00,2015-05-16 16:05:39.711331+00
193,M,Orlando,Middleton,54887504009,1997-10-01,o.middleton@example.com,(91) 5622-3077,(00) 4640-0607,Rua Padre Machado,68,Vila Mariana,São Paulo,SP,04127-001,2015-05-16 16:05:39.713036+00,2015-05-16 16:05:39.713036+00
194,F,Dorothy,Nquyen,79522920543,1952-04-03,d.nquyen@example.com,(48) 6918-0043,(70) 5872-4070,Rua Padre Machado,68,Vila Mariana,São Paulo,SP,04127-001,2015-05-16 16:05:39.788303+00,2015-05-16 16:05:39.788303+00
195,F,Charlotte,Redfern,13714652963,1997-08-04,c.redfern@example.com,(92) 1791-8591,(70) 2006-2453,Av. Indianópolis,100,Indianópolis,São Paulo,SP,04062-000,2015-05-16 16:05:39.805338+00,2015-05-16 16:05:39.805338+00
196,F,Deborah,Molnar,36618214927,1957-01-20,d.molnar@example.com,(77) 1545-1155,(33) 2407-1164,Av. Moreira Guimarães,367,Moema,São Paulo,SP,04074-030,2015-05-16 16:05:39.815536+00,2015-05-16 16:05:39.815536+00
197,M,Christopher,Schuetz,34493480526,1977-10-03,c.schuetz@example.com,(31) 8405-9121,(20) 3467-0267,Rua Padre Machado,68,Vila Mariana,São Paulo,SP,04127-001,2015-05-16 16:05:39.830697+00,2015-05-16 16:05:39.830697+00
198,M,Jose,Henry,28896274179,1983-09-14,j.henry@example.com,(53) 9097-9262,(40) 6555-7397,Av. Indianópolis,100,Indianópolis,São Paulo,SP,04062-000,2015-05-16 16:05:39.831324+00,2015-05-16 16:05:39.831324+00
199,F,Tiffany,Mccarty,28681915461,1976-05-12,t.mccarty@example.com,(80) 8427-6273,(75) 5744-7574,Av. Indianópolis,100,Indianópolis,São Paulo,SP,04062-000,2015-05-16 16:05:39.832923+00,2015-05-16 16:05:39.832923+00
200,M,Leonard,Bates,61470145525,1937-01-23,l.bates@example.com,(99) 2050-6565,(65) 1085-4746,Av. Indianópolis,100,Indianópolis,São Paulo,SP,04062-000,2015-05-16 16:05:39.833814+00,2015-05-16 16:05:39.833814+00
